{
  "Comment": "Simple Calculator Step Functions Example",
  "StartAt": "state.start.operandSelector",
  "States": {
    "state.start.operandSelector": {
      "Type": "Choice",
      "Choices": [
        {
          "Variable": "$.operator",
          "StringEquals": "add",
          "Next": "state.process.operator.add"
        }
      ],
      "Default": "state.process.operator.unknown"
    },
    "state.process.operator.add": {
      "Type": "Pass",
      "Comment": "Performs an addition on the operands provided",
      "Next": "state.process.displayResult"
    },
    "state.process.operator.unknown": {
      "Type": "Fail",
      "Error": "UNKNOWN_OPERAND",
      "Cause" : "The operand provided is not supported"
    },
    "state.process.displayResult": {
      "Type": "Pass",
      "Next": "state.process.complete"
    },
    "state.process.complete": {
      "Type": "Pass",
      "End": true
    }
  }
}
